Class,Count,Percentage
0,960,61.2635609444799
1,607,38.7364390555201
